set,item
1,11726
1,11728
1,11729
1,11730
1,11731
41,12939
41,12940
65,13183
65,13218
81,13388
81,13389
81,13390
81,13391
81,13392
121,14636
121,14637
121,14638
121,14640
121,14641
122,14626
122,14629
122,14631
122,14632
122,14633
123,14611
123,14612
123,14614
123,14615
123,14616
124,14620
124,14621
124,14622
124,14623
124,14624
141,15053
141,15054
141,15055
142,15056
142,15057
142,15058
142,21278
143,15062
143,15063
144,15066
144,15067
161,10399
161,10400
161,10401
161,10402
161,10403
162,6473
162,10410
162,10411
162,10412
162,10413
163,10328
163,10329
163,10330
163,10331
163,10332
163,10333
181,16682
181,16683
181,16684
181,16685
181,16686
181,16687
181,16688
181,16689
182,16690
182,16691
182,16692
182,16693
182,16694
182,16695
182,16696
182,16697
183,16698
183,16699
183,16700
183,16701
183,16702
183,16703
183,16704
183,16705
184,16707
184,16708
184,16709
184,16710
184,16711
184,16712
184,16713
184,16721
185,16706
185,16714
185,16715
185,16716
185,16717
185,16718
185,16719
185,16720
186,16674
186,16675
186,16676
186,16677
186,16678
186,16679
186,16680
186,16681
187,16666
187,16667
187,16668
187,16669
187,16670
187,16671
187,16672
187,16673
188,16722
188,16723
188,16724
188,16725
188,16726
188,16727
188,16728
188,16729
189,16730
189,16731
189,16732
189,16733
189,16734
189,16735
189,16736
189,16737
201,16795
201,16796
201,16797
201,16798
201,16799
201,16800
201,16801
201,16802
202,16811
202,16812
202,16813
202,16814
202,16815
202,16816
202,16817
202,16819
203,16803
203,16804
203,16805
203,16806
203,16807
203,16808
203,16809
203,16810
204,16820
204,16821
204,16822
204,16823
204,16824
204,16825
204,16826
204,16827
205,16828
205,16829
205,16830
205,16831
205,16833
205,16834
205,16835
205,16836
206,16845
206,16846
206,16847
206,16848
206,16849
206,16850
206,16851
206,16852
207,16837
207,16838
207,16839
207,16840
207,16841
207,16842
207,16843
207,16844
208,16853
208,16854
208,16855
208,16856
208,16857
208,16858
208,16859
208,16860
209,16861
209,16862
209,16863
209,16864
209,16865
209,16866
209,16867
209,16868
210,16818
210,16912
210,16913
210,16914
210,16915
210,16916
210,16917
210,16918
211,16919
211,16920
211,16921
211,16922
211,16923
211,16924
211,16925
211,16926
212,16927
212,16928
212,16929
212,16930
212,16931
212,16932
212,16933
212,16934
213,16832
213,16905
213,16906
213,16907
213,16908
213,16909
213,16910
213,16911
214,16897
214,16898
214,16899
214,16900
214,16901
214,16902
214,16903
214,16904
215,16935
215,16936
215,16937
215,16938
215,16939
215,16940
215,16941
215,16942
216,16943
216,16944
216,16945
216,16946
216,16947
216,16948
216,16949
216,16950
217,16951
217,16952
217,16953
217,16954
217,16955
217,16956
217,16957
217,16958
218,16959
218,16960
218,16961
218,16962
218,16963
218,16964
218,16965
218,16966
221,7953
241,17064
241,17082
261,18202
261,18203
281,16509
281,16510
281,16513
281,16514
281,16515
281,16516
282,16405
282,16429
282,16431
282,16406
282,16430
282,16432
301,16518
301,16519
301,16521
301,16522
301,16523
301,16524
321,12422
321,12424
321,12425
321,12426
321,12427
321,12428
321,12429
341,16485
341,16487
341,16489
341,16490
341,16491
341,16492
342,17610
342,17611
342,17612
342,17613
342,17616
342,17617
343,16369
343,16391
343,16413
343,16414
343,16415
343,16416
344,17596
344,17594
344,17598
344,17600
344,17599
344,17601
345,17570
345,17571
345,17572
345,17573
345,17576
345,17577
346,17562
346,17564
346,17566
346,17567
346,17568
346,17569
347,16498
347,16499
347,16505
347,16506
347,16507
347,16508
348,16392
348,16396
348,16417
348,16418
348,16419
348,16420
361,16531
361,16525
361,16527
361,16530
361,16526
361,16528
362,16401
362,16403
362,16425
362,16426
362,16427
362,16428
381,16393
381,16397
381,16421
381,16422
381,16423
381,16424
382,16494
382,16496
382,16501
382,16502
382,16503
382,16504
383,16541
383,16542
383,16543
383,16544
383,16545
383,16548
384,16477
384,16478
384,16479
384,16480
384,16483
384,16484
386,16573
386,16574
386,16577
386,16578
386,16579
386,16580
387,16533
387,16534
387,16535
387,16536
387,16539
387,16540
388,16437
388,16440
388,16441
388,16442
388,16443
388,16444
389,17602
389,17603
389,17604
389,17605
389,17607
389,17608
390,17618
390,17620
390,17622
390,17623
390,17624
390,17625
391,17586
391,17588
391,17590
391,17591
391,17592
391,17593
392,17578
392,17579
392,17580
392,17581
392,17583
392,17584
393,16558
393,16560
393,16561
393,16562
393,16563
393,16564
394,16446
394,16453
394,16454
394,16455
394,16456
394,16457
395,16462
395,16463
395,16465
395,16466
395,16467
395,16468
396,16565
396,16566
396,16567
396,16568
396,16569
396,16571
397,16448
397,16449
397,16450
397,16451
397,16452
397,16459
398,16549
398,16550
398,16551
398,16552
398,16554
398,16555
401,16409
401,16410
401,16433
401,16434
401,16435
401,16436
402,16471
402,16472
402,16473
402,16474
402,16475
402,16476
421,19682
421,19683
421,19684
441,19685
441,19686
441,19687
442,19688
442,19689
443,19690
443,19691
443,19692
444,19693
444,19694
444,19695
461,19865
461,19866
462,19893
462,19905
463,19896
463,19910
464,19873
464,19912
465,19863
465,19920
466,19898
466,19925
467,20041
467,20048
467,20057
468,20042
468,20049
468,20058
469,20043
469,20050
469,20055
470,20044
470,20056
470,20051
471,20045
471,20052
471,20059
472,20046
472,20053
472,20060
473,20047
473,20054
473,20061
474,19577
474,19822
474,19823
474,19824
474,19951
475,19588
475,19825
475,19826
475,19827
475,19952
476,19609
476,19828
476,19829
476,19830
476,19956
477,19621
477,19831
477,19832
477,19833
477,19953
478,19617
478,19834
478,19835
478,19836
478,19954
479,19613
479,19838
479,19839
479,19840
479,19955
480,19594
480,19841
480,19842
480,19843
480,19958
481,19605
481,19848
481,19849
481,19957
481,20033
482,19601
482,19845
482,19846
482,19959
482,20034
483,20150
483,20154
483,20158
484,20195
484,20199
484,20203
485,20159
485,20163
485,20176
486,20186
486,20190
486,20194
487,20204
487,20208
487,20212
488,20167
488,20171
488,20175
489,15050
489,15051
489,15052
489,16984
490,15045
490,15046
490,20296
491,15048
491,15049
491,20295
492,20406
492,20407
492,20408
493,21353
493,21354
493,21355
493,21356
493,21357
494,21407
494,21408
494,21409
495,21392
495,21393
495,21394
496,21329
496,21330
496,21331
496,21332
496,21333
497,21359
497,21360
497,21361
497,21362
497,21364
498,21404
498,21405
498,21406
499,21334
499,21335
499,21336
499,21337
499,21338
500,21416
500,21417
500,21418
501,21372
501,21373
501,21374
501,21375
501,21376
502,21398
502,21399
502,21400
503,21343
503,21344
503,21345
503,21346
503,21347
504,21413
504,21414
504,21415
505,21387
505,21388
505,21389
505,21390
505,21391
506,21395
506,21396
506,21397
507,21348
507,21349
507,21350
507,21351
507,21352
508,21410
508,21411
508,21412
509,21365
509,21366
509,21367
509,21368
509,21370
510,21401
510,21402
510,21403
511,21994
511,21995
511,21996
511,21997
511,21998
511,21999
511,22000
511,22001
512,22002
512,22003
512,22004
512,22005
512,22006
512,22007
512,22008
512,22009
513,22106
513,22107
513,22108
513,22109
513,22110
513,22111
513,22112
513,22113
514,22078
514,22079
514,22080
514,22081
514,22082
514,22083
514,22084
514,22085
515,22010
515,22011
515,22013
515,22015
515,22016
515,22017
515,22060
515,22061
516,22086
516,22087
516,22088
516,22089
516,22090
516,22091
516,22092
516,22093
517,22062
517,22063
517,22064
517,22065
517,22066
517,22067
517,22068
517,22069
518,22070
518,22071
518,22072
518,22073
518,22074
518,22075
518,22076
518,22077
519,22095
519,22096
519,22097
519,22098
519,22099
519,22100
519,22101
519,22102
520,22301
520,22302
520,22303
520,22304
520,22305
520,22306
520,22311
520,22313
521,22488
521,22489
521,22490
521,22491
521,22492
521,22493
521,22494
521,22495
521,23064
522,22856
522,22864
522,22879
522,22880
522,23257
522,23258
523,22416
523,22417
523,22418
523,22419
523,22420
523,22421
523,22422
523,22423
523,23059
524,22476
524,22477
524,22478
524,22479
524,22480
524,22481
524,22482
524,22483
524,23060
525,22512
525,22513
525,22514
525,22515
525,22516
525,22517
525,22518
525,22519
525,23061
526,22496
526,22497
526,22498
526,22499
526,22500
526,22501
526,22502
526,22503
526,23062
527,22464
527,22465
527,22466
527,22467
527,22468
527,22469
527,22470
527,22471
527,23065
528,22424
528,22425
528,22426
528,22427
528,22428
528,22429
528,22430
528,22431
528,23066
529,22504
529,22505
529,22506
529,22507
529,22508
529,22509
529,22510
529,22511
529,23063
530,22436
530,22437
530,22438
530,22439
530,22440
530,22441
530,22442
530,22443
530,23067
533,23078
533,23087
533,23090
534,23081
534,23089
534,23093
535,23082
535,23088
535,23092
536,23084
536,23085
536,23091
537,22858
537,22868
537,22872
537,22873
537,23243
537,23244
538,22857
538,22867
538,22876
538,22887
538,23259
538,23260
539,22852
539,22863
539,22877
539,22878
539,23253
539,23254
540,22859
540,22869
540,22882
540,22885
540,23261
540,23262
541,22855
541,22865
541,22881
541,22884
541,23255
541,23256
542,22860
542,22870
542,22883
542,22886
542,23263
542,23264
543,22843
543,22862
543,22874
543,22875
543,23251
543,23252
544,23272
544,23273
544,23274
544,23275
544,23276
544,23277
545,23286
545,23287
545,23300
545,23301
545,23314
545,23315
546,23290
546,23291
546,23304
546,23305
546,23318
546,23319
547,23282
547,23283
547,23296
547,23297
547,23310
547,23311
548,23284
548,23285
548,23298
548,23299
548,23312
548,23313
549,23288
549,23289
549,23302
549,23303
549,23316
549,23317
550,23278
550,23279
550,23292
550,23293
550,23306
550,23307
551,23280
551,23281
551,23294
551,23295
551,23308
551,23309
552,21846
552,21847
552,21848
553,21869
553,21870
553,21871
554,21873
554,21874
554,21875
555,21849
555,21850
555,21851
555,21852
555,21853
555,21854
555,21855
556,21859
556,21860
556,21861
556,21862
557,21863
557,21864
557,21865
558,21866
558,21867
558,21868
559,24262
559,24266
560,23482
560,23484
560,23487
560,23488
560,23489
561,23490
561,23491
561,23493
561,23494
562,23506
562,23507
562,23508
563,23509
563,23510
563,23511
563,23512
564,23513
564,23514
564,23515
564,23516
565,23523
565,23524
565,23525
566,23520
566,23521
566,23522
566,33173
567,24544
567,24545
567,24546
567,24547
567,24549
567,30486
567,30487
567,30488
567,30489
567,30490
567,33731
567,33730
567,33728
567,33729
567,33732
567,35067
567,35069
567,35066
567,35070
567,35068
567,42625
567,42626
567,42627
567,42628
567,42629
568,24552
568,24553
568,24554
568,24555
568,24556
568,31973
568,31974
568,31975
568,31976
568,31977
568,33677
568,33676
568,33680
568,33678
568,33679
568,35003
568,35005
568,35007
568,35006
568,35004
569,23517
569,23518
569,23519
570,24249
570,24255
571,24261
571,24264
572,24263
572,24267
573,25685
573,25686
573,25687
574,25689
574,25690
574,25691
575,25695
575,25696
575,25697
576,25692
576,25693
576,25694
577,25830
577,25831
577,25832
577,25833
577,25834
577,31998
577,31999
577,32000
577,32001
577,32002
577,33702
577,33700
577,33701
577,33704
577,33703
577,35032
577,35036
577,35033
577,35035
577,35034
577,42690
577,42691
577,42692
577,42693
577,42694
577,42695
577,42696
577,42697
577,42698
577,42699
578,25997
578,25998
578,25999
578,26000
578,26001
578,32004
578,32005
578,32006
578,32007
578,32008
578,33708
578,33707
578,33706
578,33709
578,33710
578,35045
578,35043
578,35042
578,35046
578,35044
578,42669
578,42670
578,42671
578,42672
578,42673
579,25854
579,25855
579,25856
579,25857
579,25858
579,32047
579,32048
579,32049
579,32050
579,32051
579,33759
579,33758
579,33761
579,33760
579,33757
579,35099
579,35100
579,35098
579,35096
579,35097
579,42713
579,42714
579,42715
579,42716
579,42717
580,27469
580,27470
580,27471
580,27472
580,27473
580,32009
580,32010
580,32011
580,32012
580,32013
580,33712
580,33711
580,33713
580,33714
580,33715
580,35050
580,35052
580,35048
580,35049
580,35051
580,42659
580,42660
580,42661
580,42662
580,42663
581,27707
581,27708
581,27709
581,27710
581,27711
581,32034
581,32035
581,32036
581,32037
581,32038
581,33745
581,33744
581,33748
581,33746
581,33747
581,35085
581,35087
581,35086
581,35084
581,35083
581,42708
581,42709
581,42710
581,42711
581,42712
582,27702
582,27703
582,27704
582,27705
582,27706
582,31992
582,31993
582,31995
582,31996
582,31997
582,33696
582,33695
582,33698
582,33697
582,33699
582,35031
582,35027
582,35028
582,35030
582,35029
583,27879
583,27880
583,27881
583,27882
583,27883
583,32039
583,32040
583,32041
583,32042
583,32043
583,33750
583,33749
583,33751
583,33752
583,33753
583,35092
583,35088
583,35091
583,35090
583,35089
583,42630
583,42631
583,42632
583,42633
583,42634
584,28126
584,28127
584,28128
584,28129
584,28130
584,31967
584,31968
584,31969
584,31971
584,31972
584,33673
584,33675
584,33671
584,33672
584,33674
584,35001
584,35002
584,34999
584,34998
584,35000
585,28136
585,28137
585,28138
585,28139
585,28140
585,32056
585,32057
585,32058
585,32059
585,32060
585,33767
585,33769
585,33768
585,33771
585,33770
585,35114
585,35115
585,35112
585,35111
585,35113
585,42685
585,42686
585,42687
585,42688
585,42689
586,28331
586,28332
586,28333
586,28334
586,28335
586,31960
586,31961
586,31962
586,31963
586,31964
586,33667
586,33665
586,33664
586,33666
586,33668
586,34994
586,34991
586,34993
586,34992
586,34990
586,42674
586,42675
586,42676
586,42677
586,42678
587,28831
587,28832
587,28833
587,28834
587,28835
588,28851
588,28852
588,28853
588,28854
588,28855
589,28679
589,28680
589,28681
589,28683
589,28724
590,28699
590,28700
590,28701
590,28702
590,28703
591,28624
591,28625
591,28626
591,28627
591,28628
592,28817
592,28818
592,28819
592,28820
592,28821
593,28689
593,28690
593,28691
593,28692
593,28693
594,28841
594,28842
594,28843
594,28844
594,28845
595,28613
595,28614
595,28615
595,28616
595,28617
596,28805
596,28806
596,28807
596,28808
596,28809
597,28704
597,28705
597,28706
597,28707
597,28708
598,28856
598,28857
598,28858
598,28859
598,28860
599,28714
599,28715
599,28716
599,28717
599,28718
600,28866
600,28867
600,28868
600,28869
600,28870
601,28618
601,28619
601,28620
601,28622
601,28623
602,28811
602,28812
602,28813
602,28814
602,28815
603,28694
603,28695
603,28696
603,28697
603,28698
604,28846
604,28847
604,28848
604,28849
604,28850
605,28684
605,28685
605,28686
605,28687
605,28688
606,28836
606,28837
606,28838
606,28839
606,28840
607,28709
607,28710
607,28711
607,28712
607,28713
608,28861
608,28862
608,28863
608,28864
608,28865
609,28719
609,28720
609,28721
609,28722
609,28723
610,28871
610,28872
610,28873
610,28874
610,28875
611,25654
611,25655
611,25656
611,25657
612,25659
612,25660
612,25661
612,25662
613,25668
613,25669
613,25670
613,25671
614,25673
614,25674
614,25675
614,25676
615,30186
615,30187
615,30188
615,30200
615,30201
615,31979
615,31980
615,31981
615,31982
615,31983
615,33683
615,33684
615,33686
615,33685
615,33682
615,35009
615,35011
615,35012
615,35010
615,35013
615,42718
615,42719
615,42720
615,42721
615,42722
616,29515
616,29516
616,29517
617,29519
617,29520
617,29521
618,29522
618,29523
618,29524
619,29525
619,29526
619,29527
620,27509
620,27776
620,27908
620,28204
620,28414
621,29044
621,29045
621,29046
621,29047
621,29048
622,30144
622,30145
622,30146
622,30148
622,30149
623,27535
623,27739
623,27839
623,28203
623,28285
624,29061
624,29062
624,29063
624,29064
624,29065
625,29066
625,29067
625,29068
625,29069
625,29070
626,29071
626,29072
626,29073
626,29074
626,29075
627,30134
627,30135
627,30136
627,30137
627,30138
628,30123
628,30124
628,30125
628,30126
628,30127
629,30129
629,30130
629,30131
629,30132
629,30133
630,27510
630,27802
630,27909
630,28231
630,28349
631,29028
631,29029
631,29030
631,29031
631,29032
632,29033
632,29034
632,29035
632,29036
632,29037
633,29038
633,29039
633,29040
633,29042
633,29043
634,30164
634,30165
634,30166
634,30167
634,30168
635,30169
635,30170
635,30171
635,30172
635,30173
636,30185
636,30189
636,30190
636,30192
636,30194
637,27468
637,27737
637,27873
637,28202
637,28348
638,29086
638,29087
638,29088
638,29089
638,29090
639,29091
639,29092
639,29093
639,29094
639,29095
640,29096
640,29097
640,29098
640,29099
640,29100
641,30222
641,30223
641,30228
641,30229
641,30230
642,30216
642,30217
642,30219
642,30220
642,30221
643,30231
643,30232
643,30233
643,30234
643,30235
644,27537
644,27778
644,27948
644,28232
644,28415
645,28963
645,28964
645,28966
645,28967
645,28968
646,30211
646,30212
646,30213
646,30214
646,30215
647,27508
647,27738
647,27838
647,28229
647,28278
648,29076
648,29077
648,29078
648,29079
648,29080
649,30196
649,30205
649,30206
649,30207
649,30210
650,27474
650,27801
650,27874
650,28228
650,28275
651,29081
651,29082
651,29083
651,29084
651,29085
652,30139
652,30140
652,30141
652,30142
652,30143
653,27475
653,27803
653,27977
653,28205
653,28350
654,29011
654,29012
654,29015
654,29016
654,29017
655,29019
655,29020
655,29021
655,29022
655,29023
656,30113
656,30114
656,30115
656,30116
656,30117
657,30118
657,30119
657,30120
657,30121
657,30122
658,27465
658,27796
658,27907
658,28191
658,28193
659,27531
659,27797
659,27837
659,28224
659,28264
660,27528
660,27713
660,27936
660,28192
660,28401
661,27497
661,27771
661,27870
661,28225
661,28403
662,27536
662,27775
662,27875
662,28230
662,28413
663,29049
663,29050
663,29053
663,29054
663,29055
664,29056
664,29057
664,29058
664,29059
664,29060
665,30150
665,30151
665,30152
665,30153
665,30154
666,30159
666,30160
666,30161
666,30162
666,30163
667,31338
667,31339
668,31026
668,31027
668,31028
668,31029
668,31030
668,34448
668,34558
668,34575
669,31001
669,31003
669,31004
669,31005
669,31006
669,34443
669,34549
669,34570
670,31050
670,31051
670,31052
670,31053
670,31054
670,34436
670,34541
670,34564
671,31055
671,31056
671,31057
671,31058
671,31059
671,34447
671,34557
671,34574
672,30969
672,30972
672,30975
672,30977
672,30979
672,34441
672,34546
672,34569
673,30970
673,30974
673,30976
673,30978
673,30980
673,34442
673,34547
673,34568
674,31061
674,31064
674,31065
674,31067
674,31070
674,34434
674,34528
674,34563
675,31060
675,31063
675,31066
675,31068
675,31069
675,34435
675,34527
675,34562
676,31034
676,31039
676,31042
676,31044
676,31048
676,34444
676,34556
676,34573
677,31035
677,31040
677,31043
677,31046
677,31049
677,34446
677,34555
677,34572
678,31032
678,31037
678,31041
678,31045
678,31047
678,34445
678,34554
678,34571
679,30985
679,30987
679,30991
679,30995
679,30998
679,34433
679,34488
679,34560
680,30982
680,30989
680,30990
680,30993
680,30997
680,34431
680,34485
680,34561
681,30983
681,30988
681,30992
681,30994
681,30996
681,34432
681,34487
681,34559
682,31011
682,31015
682,31018
682,31021
682,31024
682,34439
682,34545
682,34567
683,31007
683,31012
683,31016
683,31019
683,31022
683,34438
683,34543
683,34565
684,31008
684,31014
684,31017
684,31020
684,31023
684,34437
684,34542
684,34566
685,31375
685,31376
685,31377
685,31378
685,31379
685,31987
685,31988
685,31989
685,31990
685,31991
685,33690
685,33691
685,33694
685,33692
685,33693
685,35022
685,35024
685,35025
685,35026
685,35023
685,42680
685,42681
685,42682
685,42683
685,42684
686,31396
686,31397
686,31400
686,31406
686,31407
686,32029
686,32030
686,32031
686,32032
686,32033
686,33739
686,33740
686,33738
686,33741
686,33742
686,35078
686,35079
686,35081
686,35077
686,35080
686,42664
686,42665
686,42666
686,42667
686,42668
687,31409
687,31410
687,31411
687,31412
687,31413
687,32015
687,32016
687,32017
687,32018
687,32019
687,33718
687,33717
687,33721
687,33719
687,33720
687,35053
687,35055
687,35057
687,35054
687,35056
687,42703
687,42704
687,42705
687,42706
687,42707
688,31589
688,31590
688,31591
688,31592
688,31593
689,31584
689,31585
689,31586
689,31587
689,31588
690,31613
690,31614
690,31616
690,31618
690,31619
690,32020
690,32021
690,32022
690,32023
690,32024
690,33724
690,33723
690,33725
690,33722
690,33726
690,35060
690,35062
690,35063
690,35059
690,35061
690,42635
690,42636
690,42637
690,42638
690,42639
691,31620
691,31622
691,31623
691,31624
691,31625
692,31621
692,31626
692,31627
692,31628
692,31629
693,31630
693,31631
693,31632
693,31633
693,31634
694,31635
694,31636
694,31637
694,31638
694,31639
695,31640
695,31641
695,31642
695,31643
695,31644
696,31646
696,31647
696,31648
696,31649
696,31650
697,29600
697,29601
697,29602
697,29603
697,29604
697,29605
698,29612
698,29613
698,29614
698,29615
698,29616
698,29617
699,32838
699,32837
717,29606
717,29607
717,29608
717,29609
717,29610
717,29611
718,29594
718,29595
718,29596
718,29597
718,29598
718,29599
719,32945
719,32946
737,28189
737,34703
738,35328
738,35329
738,35330
738,35331
738,35332
738,35464
739,35333
739,35334
739,35335
739,35336
739,35337
739,35467
740,35338
740,35339
740,35340
740,35341
740,35342
740,35466
741,35343
741,35344
741,35345
741,35346
741,35347
741,35465
742,35356
742,35357
742,35358
742,35359
742,35360
742,35469
743,35371
743,35372
743,35373
743,35374
743,35375
743,35471
744,35361
744,35362
744,35363
744,35364
744,35365
744,35470
745,35366
745,35367
745,35368
745,35369
745,35370
745,35468
746,35386
746,35387
746,35388
746,35389
746,35390
746,35472
747,35391
747,35392
747,35393
747,35394
747,35395
747,35473
748,35381
748,35382
748,35383
748,35384
748,35385
748,35474
749,35376
749,35377
749,35378
749,35379
749,35380
749,35475
750,35407
750,35408
750,35409
750,35410
750,35411
750,35478
751,35402
751,35403
751,35404
751,35405
751,35406
751,35476
752,35412
752,35413
752,35414
752,35415
752,35416
752,35477
754,38400
754,38401
754,38402
754,38403
754,38404
754,38405
754,38433
754,38437
754,38591
754,38592
755,38417
755,38418
755,38419
755,38420
755,38421
755,38422
755,38435
755,38439
755,44443
755,44444
756,38412
756,38413
756,38414
756,38415
756,38416
756,38424
756,38436
756,38440
756,44436
756,44437
757,38406
757,38407
757,38408
757,38409
757,38410
757,38411
757,38434
757,38438
757,44440
757,44441
759,37758
759,37821
760,40440
760,40441
760,40442
760,40443
760,40444
761,21524
761,21525
761,34086
761,34087
761,34085
762,33864
762,33967
762,33968
762,33969
762,33863
762,33966
762,33862
762,33868
763,41512
763,41513
763,41515
763,41519
763,41520
763,41521
763,41522
763,41523
763,41525
763,41528
763,44211
764,41543
764,41544
764,41545
764,41546
764,41548
764,41549
764,41550
764,41551
764,41553
764,41554
764,41555
765,40778
765,40783
765,40786
765,40797
765,40801
765,40804
765,40816
765,40819
765,40823
765,40836
765,40840
765,40844
765,40856
765,40859
765,40862
765,40789
765,40807
765,40826
765,40847
765,40866
765,40870
765,40790
765,40829
765,40850
765,40810
765,51542
765,51544
765,51541
765,51543
765,51545
766,40780
766,40782
766,40785
766,40798
766,40802
766,40805
766,40818
766,40821
766,40825
766,40838
766,40842
766,40846
766,40858
766,40861
766,40864
766,40788
766,40808
766,40828
766,40849
766,40869
766,40852
766,40792
766,40831
766,40872
766,40812
766,51475
766,51477
766,51474
766,51476
766,51479
767,40898
767,40904
767,40905
767,40918
767,40925
767,40926
767,40930
767,40931
767,40932
767,40936
767,40937
767,40938
767,40960
767,40961
767,40962
767,40907
767,40927
767,40933
767,40939
767,40963
767,40964
767,40928
767,40940
767,40910
767,40934
767,51471
767,51469
767,51473
767,51468
767,51470
768,40779
768,40781
768,40784
768,40799
768,40803
768,40806
768,40817
768,40820
768,40824
768,40837
768,40841
768,40845
768,40857
768,40860
768,40863
768,40787
768,40809
768,40827
768,40848
768,40868
768,40871
768,40851
768,40811
768,40830
768,40791
768,51416
768,51414
768,51418
768,51413
768,51415
768,42654
768,42655
768,42656
768,42657
768,42658
769,40987
769,40989
769,40991
769,41004
769,41005
769,41006
769,41016
769,41017
769,41018
769,41030
769,41031
769,41032
769,41041
769,41042
769,41043
769,40993
769,41007
769,41019
769,41033
769,41044
769,41034
769,41020
769,41008
769,41045
769,40995
769,51512
769,51510
769,51514
769,51511
769,51509
770,41078
770,41079
770,41080
770,41134
770,41135
770,41136
770,41148
770,41149
770,41150
770,41160
770,41162
770,41198
770,41208
770,41209
770,41210
770,41081
770,41137
770,41151
770,41199
770,41211
770,41138
770,41082
770,41212
770,41200
770,41152
770,51506
770,51504
770,51508
770,51503
770,51505
771,40986
771,40988
771,40990
771,40998
771,40999
771,41000
771,41010
771,41011
771,41012
771,41023
771,41024
771,41025
771,41026
771,41036
771,41037
771,40992
771,41001
771,41013
771,41027
771,41038
771,41002
771,41028
771,41014
771,40994
771,41039
771,51500
771,51498
771,51497
771,51502
771,51499
772,41084
772,41085
772,41086
772,41140
772,41141
772,41142
772,41154
772,41155
772,41156
772,41202
772,41203
772,41204
772,41214
772,41215
772,41216
772,41087
772,41143
772,41157
772,41205
772,41217
772,41206
772,41218
772,41158
772,41144
772,41088
772,51459
772,51461
772,51462
772,51460
772,51458
773,41268
773,41269
773,41270
773,41271
773,41272
773,41273
773,41274
773,41284
773,41286
773,41296
773,41297
773,41308
773,41309
773,41319
773,41320
773,41275
773,41287
773,41298
773,41310
773,41321
773,41288
773,41299
773,41322
773,41311
773,41276
773,51422
773,51420
773,51421
773,51419
773,51424
774,41278
774,41279
774,41280
774,41290
774,41291
774,41292
774,41301
774,41302
774,41303
774,41313
774,41314
774,41315
774,41324
774,41325
774,41326
774,41281
774,41293
774,41304
774,41316
774,41327
774,41294
774,41305
774,41317
774,41328
774,41282
774,51436
774,51434
774,51433
774,51435
774,51438
775,41658
775,41659
775,41660
775,41664
775,41665
775,41666
775,41675
775,41676
775,41677
775,41712
775,41713
775,41714
775,41770
775,41771
775,41772
775,41661
775,41667
775,41678
775,41715
775,41773
775,41668
775,41774
775,41679
775,41716
775,41662
775,51428
775,51426
775,51427
775,51425
775,51430
776,41643
776,41644
776,41645
776,41646
776,41647
776,41648
776,41649
776,41653
776,41654
776,41670
776,41671
776,41681
776,41682
776,41765
776,41766
776,41650
776,41655
776,41672
776,41683
776,41767
776,41656
776,41673
776,41768
776,41684
776,41651
776,51494
776,51495
776,51493
776,51496
776,51492
777,41847
777,41848
777,41849
777,41850
777,41851
777,41852
777,41853
777,41857
777,41858
777,41862
777,41863
777,41867
777,41868
777,41872
777,41873
777,41854
777,41859
777,41864
777,41869
777,41874
777,41865
777,41875
777,41860
777,41855
777,41870
777,51482
777,51483
777,51484
777,51485
777,51486
778,41912
778,41913
778,41914
778,41918
778,41919
778,41920
778,41924
778,41925
778,41926
778,41930
778,41931
778,41933
778,41937
778,41938
778,41939
778,41915
778,41921
778,41927
778,41934
778,41940
778,41928
778,41941
778,41935
778,41922
778,41916
778,51487
778,51488
778,51489
778,51490
778,51491
779,41943
779,41944
779,41945
779,41949
779,41950
779,41951
779,41956
779,41957
779,41958
779,41962
779,41963
779,41964
779,41968
779,41969
779,41970
779,41946
779,41953
779,41959
779,41965
779,41971
779,41972
779,41960
779,41966
779,41947
779,41954
779,51464
779,51466
779,51467
779,51465
779,51463
780,41990
780,41991
780,41992
780,41996
780,41997
780,42001
780,42002
780,42003
780,42004
780,42008
780,42009
780,42010
780,42014
780,42015
780,42016
780,41993
780,41998
780,42005
780,42011
780,42017
780,42018
780,42006
780,41999
780,41994
780,42012
780,51537
780,51539
780,51538
780,51540
780,51536
780,41995
780,42000
780,42007
780,42013
780,42019
781,43072
781,43073
781,43074
781,43075
782,43076
782,43077
782,43078
782,43079
783,43080
783,43081
783,43082
783,43083
784,43068
784,43069
784,43070
784,43071
785,34685
785,34683
785,23324
787,39610
787,39611
787,39612
787,39613
787,39622
787,40544
787,40545
787,40546
787,40547
787,40548
787,43740
787,43742
787,43745
787,43747
788,39605
788,39606
788,39607
788,39608
788,39609
788,40525
788,40527
788,40528
788,40529
788,40530
788,43739
788,43741
788,43743
788,43744
788,43746
788,43748
789,39633
789,39634
789,39635
789,39636
789,39637
789,40574
789,40575
789,40576
789,40577
789,40578
789,43794
789,43796
789,43801
789,43803
789,43805
790,39628
790,39629
790,39630
790,39631
790,39632
790,40569
790,40570
790,40571
790,40572
790,40573
790,43797
790,43798
790,43800
790,43806
790,43807
791,39638
791,39639
791,39640
791,39641
791,39642
791,40579
791,40580
791,40581
791,40583
791,40584
791,43793
791,43795
791,43799
791,43802
791,43804
792,39617
792,39618
792,39619
792,39620
792,39621
792,40550
792,40552
792,40554
792,40556
792,40557
792,43809
792,43813
792,43815
792,43817
792,43819
793,39623
793,39624
793,39625
793,39626
793,39627
793,40559
793,40563
793,40565
793,40567
793,40568
793,43811
793,43812
793,43814
793,43816
793,43818
794,39578
794,39579
794,39580
794,39581
794,39582
794,40503
794,40504
794,40505
794,40506
794,40507
794,43734
794,43735
794,43736
794,43737
794,43738
795,39597
795,39601
795,39602
795,39603
795,39604
795,40520
795,40521
795,40522
795,40523
795,40524
795,43762
795,43774
795,43775
795,43776
796,39592
796,39593
796,39594
796,39595
796,39596
796,40514
796,40515
796,40516
796,40517
796,40518
796,43763
796,43764
796,43765
796,43766
796,43767
796,43769
796,43770
796,43773
797,39583
797,39588
797,39589
797,39590
797,39591
797,40508
797,40509
797,40510
797,40512
797,40513
797,43768
797,43771
797,43772
798,39553
798,39554
798,39555
798,39556
798,39557
798,40471
798,40472
798,40473
798,40493
798,40494
799,39531
799,39538
799,39539
799,39542
799,39543
799,40460
799,40461
799,40462
799,40463
799,40465
799,43749
799,43750
799,43751
799,43752
799,43753
799,43754
799,43755
799,43756
799,43757
799,43758
799,43759
799,43760
799,43761
799,43820
799,43822
800,39544
800,39545
800,39546
800,39547
800,39548
800,40466
800,40467
800,40468
800,40469
800,40470
801,39558
801,39560
801,39561
801,39564
801,39565
801,40495
801,40496
801,40499
801,40500
801,40502
801,43727
801,43728
801,43729
801,43730
801,43731
802,39496
802,39497
802,39498
802,39499
802,39500
802,40420
802,40421
802,40422
802,40423
802,40424
802,43787
802,43788
802,43789
802,43790
802,43791
803,39491
803,39492
803,39493
803,39494
803,39495
803,40415
803,40416
803,40417
803,40418
803,40419
803,43777
803,43778
803,43779
803,43780
803,43781
804,39514
804,39515
804,39517
804,39518
804,39519
804,40445
804,40447
804,40448
804,40449
804,40450
804,43733
804,43782
804,43784
804,43808
804,43810
805,39521
805,39523
805,39528
805,39529
805,39530
805,40454
805,40456
805,40457
805,40458
805,40459
805,43732
805,43783
805,43785
805,43786
805,43792
812,6833
812,6835
813,43260
813,43433
813,43434
813,43435
813,43436
813,43437
813,43438
813,43439
814,42723
814,42724
814,42725
814,42726
814,42727
814,42728
814,42729
814,42730
815,43261
815,43262
815,43263
815,43264
815,43265
815,43266
815,43271
815,43273
816,41347
816,41348
816,41349
816,41350
816,41351
816,41352
816,41353
816,41354
817,43450
817,43451
817,43452
817,43453
817,43454
817,43455
817,43456
817,43457
818,43442
818,43443
818,43444
818,43445
818,43446
818,43447
818,43448
818,43449
819,41516
819,43969
819,43970
819,43971
819,43972
819,43973
819,43974
819,43975
820,45375
820,45376
820,45377
820,45379
820,45380
820,46152
820,46153
820,46154
820,46155
820,46156
820,46214
820,46215
820,46217
820,46218
820,46219
820,46220
820,46222
820,46225
820,46227
820,46228
821,45381
821,45382
821,45383
821,45384
821,45385
821,46173
821,46174
821,46175
821,46176
821,46177
822,45370
822,45371
822,45372
822,45373
822,45374
822,46178
822,46179
822,46180
822,46181
822,46182
822,46213
822,46216
822,46221
822,46224
822,46226
823,45412
823,45413
823,45414
823,45415
823,45416
823,46200
823,46203
823,46205
823,46208
823,46212
823,46293
823,46294
823,46295
823,46296
824,45406
824,45408
824,45409
824,45410
824,45411
824,46206
824,46207
824,46209
824,46210
824,46211
824,46307
825,45401
825,45402
825,45403
825,45404
825,45405
825,46198
825,46199
825,46201
825,46202
825,46204
825,46297
825,46298
825,46299
825,46300
825,46301
825,46302
825,46303
825,46304
825,46305
825,46306
826,45396
826,45397
826,45398
826,45399
826,45400
826,46123
826,46124
826,46125
826,46126
826,46127
826,46288
826,46289
826,46290
826,46291
826,46292
827,45355
827,45356
827,45357
827,45358
827,45359
827,46157
827,46158
827,46159
827,46160
827,46161
827,46260
827,46262
827,46265
827,46267
827,46269
828,45351
828,45352
828,45353
828,45354
828,46189
828,46191
828,46192
828,46194
828,46196
828,46313
828,45350
828,46266
828,46271
828,46272
828,46309
829,45345
829,45346
829,45347
829,45348
829,45349
829,46183
829,46184
829,46185
829,46186
829,46187
829,46261
829,46263
829,46264
829,46268
829,46270
830,45429
830,45430
830,45431
830,45432
830,45433
830,46146
830,46148
830,46149
830,46150
830,46151
830,46278
830,46280
830,46282
830,46283
830,46284
830,46285
830,46286
831,45424
831,45425
831,45426
831,45427
831,45428
831,46162
831,46164
831,46166
831,46167
831,46169
831,46279
831,46281
831,46287
832,45391
832,45392
832,45393
832,45394
832,45395
832,46163
832,46165
832,46168
832,46170
832,46172
832,46230
833,45386
833,45387
833,45388
833,45389
833,45390
833,46188
833,46190
833,46193
833,46195
833,46197
833,46231
833,46247
833,46248
833,46254
833,46255
833,46256
833,46257
833,46258
833,46259
834,45340
834,45341
834,45342
834,45343
834,45344
834,46111
834,46113
834,46115
834,46116
834,46117
834,46232
834,46235
834,46237
834,46239
834,46241
835,45335
835,45336
835,45337
835,45338
835,45339
835,46118
835,46119
835,46120
835,46121
835,46122
835,46233
835,46234
835,46236
835,46238
835,46240
836,45365
836,45367
836,45368
836,45369
836,46129
836,46130
836,46131
836,46132
836,46133
836,46134
836,46249
836,46250
836,46251
836,46252
836,46253
837,45417
837,45419
837,45420
837,45421
837,45422
837,46135
837,46136
837,46137
837,46139
837,46140
837,46242
837,46243
837,46244
837,46245
837,46246
838,45360
838,45361
838,45362
838,45363
838,45364
838,46141
838,46142
838,46143
838,46144
838,46145
838,46273
838,46274
838,46275
838,46276
838,46277
843,47748
843,47751
843,47749
843,47752
843,47750
843,47754
843,47757
843,47756
843,47753
843,47755
843,47761
843,47758
843,47759
843,47762
843,47760
843,48725
843,48726
843,48727
843,48728
843,48729
844,47774
844,47777
844,47776
844,47773
844,47775
844,47771
844,47768
844,47769
844,47772
844,47770
844,47764
844,47767
844,47766
844,47763
844,47765
844,48730
844,48731
844,48732
844,48733
844,48734
845,47801
845,47798
845,47799
845,47802
845,47800
845,47804
845,47807
845,47806
845,47803
845,47805
845,47796
845,47793
845,47794
845,47797
845,47795
845,48735
845,48736
845,48737
845,48738
845,48739
846,47784
846,47787
846,47786
846,47783
846,47785
846,47778
846,47781
846,47779
846,47782
846,47780
846,47789
846,47792
846,47791
846,47788
846,47790
846,48743
846,48740
846,48741
846,48742
846,48744
847,47981
847,47936
847,47980
847,47982
847,47914
847,47984
847,47987
847,47986
847,47983
847,47985
847,48035
847,48029
847,48031
847,48037
847,48033
847,48745
847,48746
847,48747
847,48748
847,48749
848,48068
848,48071
848,48070
848,48067
848,48069
848,48065
848,48062
848,48063
848,48066
848,48064
848,48058
848,48061
848,48060
848,48057
848,48059
848,48750
848,48751
848,48752
848,48753
848,48754
849,48073
849,48076
849,48075
849,48072
849,48074
849,48078
849,48081
849,48080
849,48077
849,48079
849,48085
849,48082
849,48083
849,48086
849,48084
849,48755
849,48756
849,48757
849,48758
849,48759
850,48098
850,48101
850,48100
850,48097
850,48099
850,48095
850,48092
850,48093
850,48096
850,48094
850,48088
850,48091
850,48090
850,48087
850,48089
850,48760
850,48761
850,48762
850,48763
850,48764
851,48102
851,48131
851,48129
851,48132
851,48130
851,48134
851,48137
851,48136
851,48133
851,48135
851,48141
851,48138
851,48139
851,48142
851,48140
851,48774
851,48775
851,48776
851,48777
851,48778
852,48154
852,48157
852,48156
852,48153
852,48155
852,48151
852,48148
852,48149
852,48152
852,48150
852,48144
852,48147
852,48146
852,48143
852,48145
852,48769
852,48770
852,48771
852,48772
852,48773
853,48158
853,48161
853,48159
853,48162
853,48160
853,48164
853,48167
853,48166
853,48163
853,48165
853,48171
853,48168
853,48169
853,48172
853,48170
853,48786
853,48787
853,48788
853,48789
853,48790
854,48184
854,48187
854,48186
854,48183
854,48185
854,48181
854,48178
854,48179
854,48182
854,48180
854,48174
854,48177
854,48176
854,48173
854,48175
854,48783
854,48781
854,48782
854,48784
854,48785
855,48214
855,48217
855,48216
855,48213
855,48215
855,48211
855,48208
855,48209
855,48212
855,48210
855,48204
855,48207
855,48206
855,48203
855,48205
855,48799
855,48800
855,48801
855,48802
855,48803
856,48188
856,48191
856,48189
856,48192
856,48190
856,48194
856,48197
856,48196
856,48193
856,48195
856,48201
856,48198
856,48199
856,48202
856,48200
856,48794
856,48795
856,48796
856,48797
856,48798
857,48221
857,48222
857,48218
857,48219
857,48220
857,48225
857,48227
857,48223
857,48224
857,48226
857,48230
857,48228
857,48232
857,48231
857,48229
857,48809
857,48810
857,48811
857,48812
857,48813
858,48245
858,48247
858,48243
858,48244
858,48246
858,48240
858,48238
858,48242
858,48241
858,48239
858,48235
858,48237
858,48233
858,48234
858,48236
858,48804
858,48805
858,48806
858,48807
858,48808
859,48250
859,48253
859,48251
859,48254
859,48252
859,48257
859,48259
859,48255
859,48256
859,48258
859,48262
859,48260
859,48264
859,48263
859,48261
859,48819
859,48820
859,48821
859,48822
859,48823
860,48277
860,48279
860,48275
860,48276
860,48278
860,48272
860,48270
860,48274
860,48273
860,48271
860,48267
860,48269
860,48265
860,48266
860,48268
860,48814
860,48815
860,48816
860,48817
860,48818
861,48284
861,48280
861,48283
861,48281
861,48282
861,48287
861,48289
861,48285
861,48286
861,48288
861,48292
861,48290
861,48294
861,48293
861,48291
861,48824
861,48825
861,48826
861,48827
861,48828
862,48297
862,48299
862,48295
862,48296
862,48298
862,48302
862,48304
862,48300
862,48301
862,48303
862,48307
862,48309
862,48305
862,48306
862,48308
862,48829
862,48830
862,48831
862,48832
862,48833
863,48338
863,48340
863,48336
863,48337
863,48339
863,48333
863,48331
863,48335
863,48334
863,48332
863,48328
863,48330
863,48326
863,48327
863,48329
863,48841
863,48842
863,48843
863,48844
863,48845
864,48320
864,48313
864,48315
864,48310
864,48312
864,48314
864,48318
864,48316
864,48317
864,48319
864,48323
864,48321
864,48325
864,48324
864,48322
864,48836
864,48837
864,48838
864,48839
864,48840
865,48343
865,48345
865,48341
865,48342
865,48344
865,48348
865,48350
865,48346
865,48347
865,48349
865,48353
865,48351
865,48355
865,48354
865,48352
865,48846
865,48847
865,48848
865,48849
865,48850
866,48368
866,48370
866,48366
866,48367
866,48369
866,48363
866,48361
866,48365
866,48364
866,48362
866,48358
866,48360
866,48356
866,48357
866,48359
866,48851
866,48852
866,48853
866,48854
866,48855
867,48374
867,48371
867,48372
867,48375
867,48373
867,48378
867,48380
867,48376
867,48377
867,48379
867,48383
867,48381
867,48385
867,48384
867,48382
867,48865
867,48866
867,48867
867,48868
867,48869
868,48388
868,48390
868,48386
868,48387
868,48389
868,48393
868,48395
868,48391
868,48392
868,48394
868,48398
868,48400
868,48396
868,48397
868,48399
868,48860
868,48861
868,48862
868,48863
868,48864
869,48449
869,48429
869,48448
869,48436
869,48445
869,48430
869,48454
869,48450
869,48452
869,48446
869,48433
869,48455
869,48451
869,48453
869,48447
869,48875
869,48876
869,48877
869,48878
869,48879
870,48458
870,48460
870,48456
870,48457
870,48459
870,48463
870,48465
870,48461
870,48462
870,48464
870,48468
870,48470
870,48466
870,48467
870,48469
870,48870
870,48871
870,48872
870,48873
870,48874
871,48480
871,48472
871,48478
871,48474
871,48476
871,48483
871,48485
871,48481
871,48482
871,48484
871,48488
871,48486
871,48490
871,48489
871,48487
871,48885
871,48886
871,48887
871,48888
871,48889
872,48503
872,48505
872,48501
872,48502
872,48504
872,48498
872,48496
872,48500
872,48499
872,48497
872,48493
872,48495
872,48491
872,48492
872,48494
872,48880
872,48881
872,48882
872,48883
872,48884
873,48533
873,48529
873,48535
873,48531
873,48537
873,48540
873,48542
873,48538
873,48539
873,48541
873,48545
873,48543
873,48547
873,48546
873,48544
873,48895
873,48896
873,48897
873,48898
873,48899
874,48560
874,48562
874,48558
874,48559
874,48561
874,48555
874,48553
874,48557
874,48556
874,48554
874,48550
874,48552
874,48548
874,48549
874,48551
874,48890
874,48891
874,48892
874,48893
874,48894
875,48564
875,48572
875,48566
875,48574
875,48568
875,48577
875,48579
875,48575
875,48576
875,48578
875,48582
875,48580
875,48584
875,48583
875,48581
875,48900
875,48901
875,48902
875,48903
875,48904
876,48597
876,48595
876,48599
876,48598
876,48596
876,48592
876,48590
876,48594
876,48593
876,48591
876,48587
876,48585
876,48589
876,48588
876,48586
876,48905
876,48906
876,48907
876,48908
876,48909
877,48606
877,48604
877,48602
877,48603
877,48605
877,48609
877,48611
877,48607
877,48608
877,48610
877,48614
877,48612
877,48616
877,48615
877,48613
877,48915
877,48916
877,48917
877,48918
877,48919
878,48629
878,48627
878,48631
878,48630
878,48628
878,48624
878,48622
878,48626
878,48625
878,48623
878,48619
878,48621
878,48617
878,48618
878,48620
878,48910
878,48911
878,48912
878,48913
878,48914
879,48634
879,48636
879,48632
879,48633
879,48635
879,48639
879,48637
879,48641
879,48640
879,48638
879,48644
879,48646
879,48642
879,48643
879,48645
879,48927
879,48928
879,48929
879,48930
879,48931
880,48654
880,48656
880,48652
880,48653
880,48655
880,48659
880,48661
880,48657
880,48658
880,48660
880,48649
880,48647
880,48651
880,48650
880,48648
880,48922
880,48923
880,48924
880,48925
880,48926
881,49463
881,49310
882,49488
882,49464
883,50275
883,50276
883,50278
883,50279
883,51155
883,51156
883,51158
883,50277
883,51157
883,51159
883,51280
883,51281
883,51282
883,51283
883,51284
883,51712
883,51713
883,51714
883,51715
883,51716
884,50240
884,50241
884,50243
884,50244
884,51205
884,51206
884,51208
884,50242
884,51207
884,51209
884,51230
884,51231
884,51232
884,51233
884,51234
884,51762
884,51763
884,51764
884,51765
884,51766
885,50765
885,50766
885,50767
885,50768
885,51175
885,51178
885,51179
885,50769
885,51176
885,51177
885,51260
885,51261
885,51262
885,51263
885,51264
885,51732
885,51733
885,51734
885,51735
885,51736
886,50391
886,50392
886,50396
886,51180
886,51182
886,51184
886,50394
886,50393
886,51183
886,51181
886,51255
886,51256
886,51257
886,51258
886,51259
886,51737
886,51738
886,51739
886,51740
886,51741
887,50106
887,50107
887,50113
887,51135
887,51136
887,51138
887,50108
887,50109
887,51137
887,51139
887,51300
887,51301
887,51302
887,51303
887,51304
887,51692
887,51693
887,51694
887,51695
887,51696
888,50819
888,50822
888,51145
888,51147
888,50821
888,50823
888,51146
888,51148
888,51149
888,50820
888,51290
888,51291
888,51292
888,51293
888,51294
888,51702
888,51703
888,51704
888,51705
888,51706
889,50824
889,50825
889,50827
889,51140
889,51144
889,50826
889,50828
889,51141
889,51142
889,51143
889,51295
889,51296
889,51297
889,51298
889,51299
889,51697
889,51698
889,51699
889,51700
889,51701
890,50088
890,50089
890,50105
890,51185
890,51187
890,51188
890,50087
890,50090
890,51186
890,51189
890,51250
890,51251
890,51252
890,51253
890,51254
890,51742
890,51743
890,51744
890,51745
890,51746
891,50114
891,50115
891,50117
891,50118
891,51150
891,51151
891,51154
891,50116
891,51153
891,51152
891,51285
891,51286
891,51287
891,51288
891,51289
891,51707
891,51708
891,51709
891,51710
891,51711
892,50835
892,50836
892,50837
892,50838
892,50839
892,51190
892,51193
892,51194
892,51191
892,51192
892,51245
892,51246
892,51247
892,51248
892,51249
892,51747
892,51748
892,51749
892,51750
892,51751
893,50841
893,50842
893,50843
893,50845
893,51202
893,51204
893,50844
893,51200
893,51201
893,51203
893,51235
893,51236
893,51237
893,51238
893,51239
893,51761
893,51757
893,51758
893,51759
893,51760
894,50831
894,50834
894,51199
894,50830
894,50832
894,50833
894,51195
894,51196
894,51197
894,51198
894,51240
894,51241
894,51242
894,51243
894,51244
894,51752
894,51753
894,51754
894,51755
894,51756
895,50079
895,50080
895,50082
895,51210
895,51211
895,51212
895,51214
895,50078
895,50081
895,51213
895,51225
895,51226
895,51227
895,51228
895,51229
895,51767
895,51768
895,51769
895,51770
895,51771
896,50846
896,50847
896,50849
896,50850
896,51215
896,51217
896,51218
896,50848
896,51216
896,51219
896,51220
896,51221
896,51222
896,51223
896,51224
896,51772
896,51773
896,51774
896,51775
896,51776
897,50094
897,50095
897,50096
897,50098
897,51125
897,51126
897,51127
897,51128
897,51129
897,50097
897,51310
897,51311
897,51312
897,51313
897,51314
897,51682
897,51683
897,51684
897,51685
897,51686
898,50853
898,50856
898,50857
898,51130
898,50855
898,51131
898,51132
898,51133
898,51134
898,50854
898,51305
898,51306
898,51307
898,51308
898,51309
898,51687
898,51688
898,51689
898,51690
898,51691
899,50865
899,50866
899,50867
899,50868
899,50869
899,51165
899,51166
899,51167
899,51168
899,51169
899,51270
899,51271
899,51272
899,51273
899,51274
899,51722
899,51723
899,51724
899,51725
899,51726
900,50324
900,50325
900,50326
900,50327
900,50328
900,51160
900,51162
900,51163
900,51161
900,51164
900,51275
900,51276
900,51277
900,51278
900,51279
900,51717
900,51718
900,51719
900,51720
900,51721
901,50860
901,50861
901,50862
901,50863
901,51170
901,51172
901,51173
901,51174
901,50864
901,51171
901,51265
901,51266
901,51267
901,51268
901,51269
901,51727
901,51728
901,51729
901,51730
901,51731
